{
  "src": [
    "melofx.webm",
    "melofx.mp3"
  ],
  "sprite": {
    "Bass1": [
      0,
      761.3605442176871
    ],
    "Bass2": [
      2000,
      676.5079365079365
    ],
    "ChordsAm2": [
      4000,
      7933.90022675737
    ],
    "ChordsAm": [
      13000,
      7933.90022675737
    ],
    "ChordsBbm": [
      22000,
      7933.90022675737
    ],
    "Noise1": [
      31000,
      15000
    ],
    "Noise2": [
      47000,
      8008.344671201811
    ]
  }
}