{
  "src": [
    "samples.webm",
    "samples.mp3"
  ],
  "sprite": {
    "bass": [
      0,
      3839.4104308390024
    ],
    "hi-hat": [
      5000,
      147.3015873015875
    ],
    "kick": [
      7000,
      382.7664399092967
    ],
    "snare": [
      9000,
      351.56462585034024
    ]
  }
}